post_id	metricool_id	publish_at	run_at
d0_p0	384140846	2026-09-30T10:00:00+09:00	2026-09-29T19:46+09:00
d0_k0	384140864	2026-09-30T10:10:00+09:00	2026-09-29T19:46+09:00
d0_reel	384140885	2026-09-30T10:20:00+09:00	2026-09-29T19:46+09:00
d0_c1	384140923	2026-09-30T10:30:00+09:00	2026-09-29T19:46+09:00
st_01	384452154	2026-09-30T10:10:00+09:00	2026-09-30T03:04+09:00
st_02	384452160	2026-09-30T18:10:00+09:00	2026-09-30T03:04+09:00
st_03	384452172	2026-10-01T10:10:00+09:00	2026-09-30T03:04+09:00
st_04	384452182	2026-10-01T18:10:00+09:00	2026-09-30T03:04+09:00
st_05	384452195	2026-10-02T10:10:00+09:00	2026-09-30T03:04+09:00
st_06	384452205	2026-10-02T18:10:00+09:00	2026-09-30T03:04+09:00
st_07	384452218	2026-10-03T10:10:00+09:00	2026-09-30T03:04+09:00
st_08	384452232	2026-10-03T18:10:00+09:00	2026-09-30T03:04+09:00
st_09	384452240	2026-10-04T10:10:00+09:00	2026-09-30T03:04+09:00
st_10	384452247	2026-10-04T18:10:00+09:00	2026-09-30T03:04+09:00
st_11	384452266	2026-10-05T10:10:00+09:00	2026-09-30T03:04+09:00
st_12	384452273	2026-10-05T18:10:00+09:00	2026-09-30T03:04+09:00
st_13	384452289	2026-10-06T10:10:00+09:00	2026-09-30T03:04+09:00
st_14	384452297	2026-10-06T18:10:00+09:00	2026-09-30T03:04+09:00
pinm_3	384452321	2026-09-30T10:30:00+09:00	2026-09-30T03:05+09:00
pinm_2	384452387	2026-09-30T10:31:00+09:00	2026-09-30T03:05+09:00
pinm_1	384452422	2026-09-30T10:32:00+09:00	2026-09-30T03:05+09:00
